labeled_at,model_id,print_round,validation_label,notes
2026-04-12T18:37:01.083430+00:00,41941_79d46bb4,1,0,
2026-04-12T18:37:04.289387+00:00,23881_bec7f38c,1,1,
2026-04-12T18:37:11.368717+00:00,34526_3ea355a5,1,1,
2026-04-12T18:37:20.116460+00:00,41868_002280d0,1,1,
2026-04-12T18:37:26.982552+00:00,34678_f709cdcc,1,1,
2026-04-12T18:37:37.505954+00:00,61840_0735b513,1,0,
2026-04-12T18:37:43.217286+00:00,128996_be3a6361,1,1,
2026-04-12T18:37:50.365797+00:00,104542_2e4f8127,1,1,
2026-04-12T18:37:57.716095+00:00,24504_493cee15,1,1,
2026-04-12T18:37:59.191868+00:00,128996_2033836a,1,1,
2026-04-12T18:38:02.466986+00:00,56430_4f35ba2f,1,0,
2026-04-12T18:54:32.190479+00:00,41941_79d46bb4,2,0,
2026-04-12T18:54:40.372649+00:00,23881_bec7f38c,2,0,
2026-04-12T18:54:43.777807+00:00,34526_3ea355a5,2,1,
2026-04-12T18:54:46.002789+00:00,41868_002280d0,2,0,
2026-04-12T18:54:47.692305+00:00,34678_f709cdcc,2,1,
2026-04-12T18:54:50.755161+00:00,61840_0735b513,2,1,
2026-04-12T18:54:56.011997+00:00,128996_be3a6361,2,1,
2026-04-12T18:54:58.463085+00:00,104542_2e4f8127,2,1,
2026-04-12T18:55:02.939435+00:00,24504_493cee15,2,1,
2026-04-12T18:55:04.841412+00:00,128996_2033836a,2,1,
2026-04-12T18:55:08.635385+00:00,56430_4f35ba2f,2,0,
2026-04-12T18:55:25.690497+00:00,41941_79d46bb4,3,0,
2026-04-12T18:55:27.602777+00:00,23881_bec7f38c,3,0,
2026-04-12T18:55:30.062538+00:00,34526_3ea355a5,3,1,
2026-04-12T18:55:32.388570+00:00,41868_002280d0,3,1,
2026-04-12T18:55:34.189464+00:00,34678_f709cdcc,3,1,
2026-04-12T18:55:35.763182+00:00,61840_0735b513,3,0,
2026-04-12T18:55:39.307612+00:00,128996_be3a6361,3,0,
2026-04-12T18:55:40.581640+00:00,104542_2e4f8127,3,1,
2026-04-12T18:55:41.645926+00:00,24504_493cee15,3,1,
2026-04-12T18:55:42.743581+00:00,128996_2033836a,3,1,
2026-04-12T18:55:43.798079+00:00,56430_4f35ba2f,3,0,
2026-04-12T18:56:15.969523+00:00,41941_79d46bb4,4,0,
2026-04-12T18:56:20.406463+00:00,23881_bec7f38c,4,0,
2026-04-12T18:56:22.272160+00:00,34526_3ea355a5,4,1,
2026-04-12T18:56:25.116472+00:00,41868_002280d0,4,1,
2026-04-12T18:56:26.566750+00:00,34678_f709cdcc,4,1,
2026-04-12T18:56:27.252076+00:00,61840_0735b513,4,1,
2026-04-12T18:56:28.361430+00:00,128996_be3a6361,4,0,
2026-04-12T18:56:29.639796+00:00,104542_2e4f8127,4,1,
2026-04-12T18:56:31.289865+00:00,24504_493cee15,4,1,
2026-04-12T18:56:31.963310+00:00,128996_2033836a,4,1,
2026-04-12T18:56:33.288761+00:00,56430_4f35ba2f,4,0,
2026-04-12T18:57:06.102189+00:00,41941_79d46bb4,5,0,
2026-04-12T18:57:06.964163+00:00,23881_bec7f38c,5,0,
2026-04-12T18:57:08.044093+00:00,34526_3ea355a5,5,1,
2026-04-12T18:57:09.722851+00:00,41868_002280d0,5,0,
2026-04-12T18:57:10.493765+00:00,34678_f709cdcc,5,1,
2026-04-12T18:57:11.435949+00:00,61840_0735b513,5,1,
2026-04-12T18:57:19.656284+00:00,128996_be3a6361,5,1,
2026-04-12T18:57:21.575137+00:00,104542_2e4f8127,5,1,
2026-04-12T18:57:23.129911+00:00,24504_493cee15,5,1,
2026-04-12T18:57:23.792945+00:00,128996_2033836a,5,1,
2026-04-12T18:57:24.560382+00:00,56430_4f35ba2f,5,0,
2026-04-12T18:57:38.096460+00:00,41941_79d46bb4,6,0,
2026-04-12T18:57:39.908658+00:00,23881_bec7f38c,6,0,
2026-04-12T18:57:41.159697+00:00,34526_3ea355a5,6,1,
2026-04-12T18:57:42.409085+00:00,41868_002280d0,6,0,
2026-04-12T18:57:43.569075+00:00,34678_f709cdcc,6,1,
2026-04-12T18:57:44.880615+00:00,61840_0735b513,6,0,
2026-04-12T18:57:51.156561+00:00,128996_be3a6361,6,0,
2026-04-12T18:57:54.745590+00:00,104542_2e4f8127,6,1,
2026-04-12T18:57:55.622413+00:00,24504_493cee15,6,1,
2026-04-12T18:57:56.318742+00:00,128996_2033836a,6,1,
2026-04-12T18:57:57.205430+00:00,56430_4f35ba2f,6,0,
2026-04-12T18:58:33.972812+00:00,41941_79d46bb4,7,0,
2026-04-12T18:58:39.772066+00:00,23881_bec7f38c,7,0,
2026-04-12T18:58:41.456444+00:00,34526_3ea355a5,7,1,
2026-04-12T18:58:44.462426+00:00,41868_002280d0,7,1,
2026-04-12T18:58:45.292882+00:00,34678_f709cdcc,7,1,
2026-04-12T18:58:47.174605+00:00,61840_0735b513,7,1,
2026-04-12T18:58:48.305358+00:00,128996_be3a6361,7,1,
2026-04-12T18:58:51.592906+00:00,104542_2e4f8127,7,1,
2026-04-12T18:58:53.064688+00:00,24504_493cee15,7,1,
2026-04-12T18:58:53.773862+00:00,128996_2033836a,7,1,
2026-04-12T18:58:54.579093+00:00,56430_4f35ba2f,7,0,
2026-04-12T18:59:08.072873+00:00,41941_79d46bb4,8,0,
2026-04-12T18:59:09.865746+00:00,23881_bec7f38c,8,0,
2026-04-12T18:59:10.596558+00:00,34526_3ea355a5,8,1,
2026-04-12T18:59:11.302924+00:00,41868_002280d0,8,1,
2026-04-12T18:59:12.088483+00:00,34678_f709cdcc,8,1,
2026-04-12T18:59:13.596394+00:00,61840_0735b513,8,1,
2026-04-12T18:59:15.978003+00:00,128996_be3a6361,8,0,
2026-04-12T18:59:16.876117+00:00,104542_2e4f8127,8,1,
2026-04-12T18:59:17.746781+00:00,24504_493cee15,8,1,
2026-04-12T18:59:18.536508+00:00,128996_2033836a,8,1,
2026-04-12T18:59:19.390123+00:00,56430_4f35ba2f,8,0,
2026-04-12T18:59:36.075354+00:00,41941_79d46bb4,9,0,
2026-04-12T18:59:37.708267+00:00,23881_bec7f38c,9,0,
2026-04-12T18:59:40.030669+00:00,34526_3ea355a5,9,0,
2026-04-12T18:59:41.850428+00:00,41868_002280d0,9,0,
2026-04-12T18:59:42.956588+00:00,34678_f709cdcc,9,1,
2026-04-12T18:59:44.844965+00:00,61840_0735b513,9,0,
2026-04-12T18:59:46.194036+00:00,128996_be3a6361,9,0,
2026-04-12T18:59:47.103943+00:00,104542_2e4f8127,9,0,
2026-04-12T18:59:49.308326+00:00,24504_493cee15,9,1,
2026-04-12T18:59:50.109238+00:00,128996_2033836a,9,1,
2026-04-12T18:59:51.241683+00:00,56430_4f35ba2f,9,0,
